Nombre	DNI	Puesto	Fecha de Toma	Fecha de Cese	Teléfono	Evaluador	Coodinador
Alhambra Bullón Dolores M.,24198392T,Matemáticas P.E.S.,2019-09-01,2022-04-22,958261885, evaluador:Sí, coordinador:No
Álvarez Bermudo Mario,08921749A,Area Científico-Tecnolog. (Apoyo Covid),2020-09-16,2021-06-30,626427174, evaluador:Sí, coordinador:No
Álvarez Chamizo Cristina,33353948S,Contr. Lab. Religión (Sec-Ere) 05 Horas,2020-09-01,2021-08-31,651429273, evaluador:Sí, coordinador:No
Álvarez Chamizo Cristina,08914265V,Tecnología P.E.S.,2006-09-01,2022-04-22,952896014, evaluador:Sí, coordinador:No
Álvarez Chamizo Cristina,33347173W,Geografía e Historia P.E.S.,2020-09-01,2021-06-30,636244624, evaluador:Sí, coordinador:No
Arroyo Pretel Jean Paul,75818111Z,Lengua Castellana y Literatura P.E.S.,2020-09-01,2021-06-30,658504596, evaluador:Sí, coordinador:No
Avilés Jiménez Beatriz,28614411L,Geografía e Historia P.E.S.,2016-09-01,2022-04-22,, evaluador:Sí, coordinador:No
Baena Escaño Claudia,75563185C,Administración de Empresas P.E.S.,2020-09-21,2021-06-30,, evaluador:Sí, coordinador:No
Baena Valero Juan José,27347150N,Informática P.E.S.,2013-09-01,2022-04-22,952869739, evaluador:Sí, coordinador:No
Báez Ruiz Concepción,22723547F,Administración de Empresas P.E.S.,1991-10-01,2022-04-22,, evaluador:Sí, coordinador:No
Bain Antonyak Diego,45711491A,Lengua Castellana y Literatura P.E.S.,2020-09-01,2021-06-30,600453894, evaluador:Sí, coordinador:No
Baraza Zamorano Laura,26966400G,Inglés P.E.S.,2020-09-01,2022-04-22,638310087, evaluador:Sí, coordinador:No
Barroso Jiménez María Isabel,53151310N,Sistemas Electrónicos P.E.S.,2003-09-01,2022-04-22,952806165, evaluador:Sí, coordinador:No
Berenguel Álvarez Pablo,52571560T,Biología y Geología P.E.S.,2005-09-01,2022-04-22,952800769, evaluador:Sí, coordinador:Sí
Cárdenas Díaz Laura,26800485B,Educación Física P.E.S.,2010-09-01,2022-04-22,617704193, evaluador:Sí, coordinador:No
Carmona Serrano Laura,06572131L,Dibujo P.E.S.,2020-09-01,2021-06-30,616534693, evaluador:Sí, coordinador:No
Carrillo Moreno Carmen Isabel,75006921B,Administración de Empresas P.E.S.,1992-10-01,2022-04-22,692176980, evaluador:Sí, coordinador:No
Carrillo Moreno Carmen Isabel,52555297K,Formación y Orientación Laboral P.E.S.,2018-09-01,2022-04-22,630753403, evaluador:Sí, coordinador:No
Cocinero Molinero Melania,74906891P,Dibujo P.E.S.,2020-09-01,2021-06-30,618640089, evaluador:Sí, coordinador:No
De la Fe Fernández Rosa María,75115004V,Geografía e Historia P.E.S.,2020-09-01,2022-04-22,606648952, evaluador:Sí, coordinador:No
Díaz Puerto Francisco Javier,50602307F,Filosofía P.E.S.,2012-09-01,2022-04-22,655526696, evaluador:Sí, coordinador:No
Díaz Puerto Francisco Javier,24263559P,Matemáticas P.E.S.,2020-09-01,2021-08-31,958443348, evaluador:Sí, coordinador:No
Domínguez Tamayo Julen,03888739Z,Inglés P.E.S.,2012-09-01,2022-04-22,951249955, evaluador:Sí, coordinador:No
Domínguez Tamayo Julen,44756577A,Educación Física P.E.S.,2016-09-01,2022-04-22,647582371, evaluador:Sí, coordinador:No
Durán Blanco José Antonio,74696158R,Dibujo P.E.S.,2020-09-01,2021-08-31,958292195, evaluador:Sí, coordinador:No
Escalona González Rosa,27340284T,Contr. Lab. Religión (Sec-Ere) 06 Horas,2020-09-01,2021-08-31,639177088, evaluador:Sí, coordinador:No
Escobar Márquez Luís María,25661407P,Lengua Castellana y Literatura P.E.S.,2019-09-01,2022-04-22,952806165, evaluador:Sí, coordinador:No
Escudero Hernández Virginia,30787489B,Física y Química P.E.S.,2019-09-01,2022-04-22,951576056, evaluador:Sí, coordinador:No
Fagundo García Emilia,12731426Y,Tecnología P.E.S.,2012-09-01,2022-04-22,689100483, evaluador:Sí, coordinador:No
Fernández López Pedro José,26974925L,Tecnología P.E.S.,2020-09-01,2021-06-30,620089634, evaluador:Sí, coordinador:No
Fernández Luzón Rodrigo,74663933E,Informática P.E.S.,2010-09-01,2022-04-22,717121280, evaluador:Sí, coordinador:Sí
Fernández Mangano Luis Miguel,44263282N,Tecnología P.E.S.,2020-09-01,2021-06-30,600039589, evaluador:Sí, coordinador:No
Fernández Ramírez Cristina,76748408F,Educación Física P.E.S.,2020-09-16,2021-06-30,658402109, evaluador:Sí, coordinador:No
Fortea Molina Pastora,77455412Z,Francés P.E.S.,2009-09-01,2022-04-22,656491528, evaluador:Sí, coordinador:Sí
García Beneite Cora Ángeles,77455262W,Inglés P.E.S.,2020-09-01,2021-06-30,952795942, evaluador:Sí, coordinador:No
García Del Valle Ana,24228342G,Inglés P.E.S.,2003-09-01,2022-04-22,670031576, evaluador:Sí, coordinador:Sí
García Pascual Almudena,25718794X,Matemáticas P.E.S.,2020-09-01,2021-06-30,655198361, evaluador:Sí, coordinador:Sí
Garrocho González Cristina,33397284L,Matemáticas P.E.S.,2011-09-01,2022-04-22,, evaluador:Sí, coordinador:No
Gijón Mateo Emilia,25931941Q,Biología y Geología P.E.S.,2020-04-03,2025-04-02,952782069, evaluador:Sí, coordinador:No
Giráldez Cuevas María,07986998H,Física y Química P.E.S.,2012-09-01,2022-04-22,636443041, evaluador:Sí, coordinador:No
Giráldez Cuevas María,34843289Z,Informática P.E.S.,2020-09-01,2021-06-30,661954911, evaluador:Sí, coordinador:No
Girón Vega María Dolores,29077348N,Administración de Empresas P.E.S.,1992-10-01,2022-04-22,952794470, evaluador:Sí, coordinador:No
González Astilleros Verónica,25565241M,Informática P.E.S.,2009-06-22,2021-01-24,952795965, evaluador:Sí, coordinador:No
González Chamizo María,45714123J,Biología y Geología P.E.S.,2020-09-01,2021-06-30,953718296, evaluador:Sí, coordinador:No
González Garzón Álvaro,74934666E,Biología y Geología P.E.S.,2020-09-01,2021-06-30,687654302, evaluador:Sí, coordinador:No
González Juliá María del Carmen,78988638Z,Area de Lengua y CC. Soc. (Apoyo Covid),2020-09-16,2021-06-30,685031987, evaluador:Sí, coordinador:No
González Ramírez Jessica,79055309P,Orientación Educativa P.E.S.,2020-09-01,2021-06-30,640656461, evaluador:Sí, coordinador:No
Hernández Lozano Remedios,26485849S,Inglés P.E.S.,2008-09-01,2022-04-22,952807303, evaluador:Sí, coordinador:No
Hidalgo Villa Javier,08922573E,Contr. Lab.Evangelic. (Sec-Ere) 04 Horas,2020-09-01,2021-08-31,606748632, evaluador:Sí, coordinador:No
Horno Cabrera María del Carmen,74831388Z,Proc. Gestión Administrativa P.T.F.P.,2020-09-01,2021-06-30,, evaluador:Sí, coordinador:No
Jiménez Jiménez Amparo,77455402G,Geografía e Historia P.E.S.,2019-09-01,2022-04-22,649446973, evaluador:Sí, coordinador:Sí
Lara Orive Rachel,78961479H,Matemáticas P.E.S.,2004-09-01,2022-04-22,952800329, evaluador:Sí, coordinador:No
León Sánchez María Luisa,75710637L,Informática P.E.S.,2020-09-01,2021-06-30,670557617, evaluador:Sí, coordinador:No
Lirola Oliva Ana,74868422H,Lengua Castellana y Literatura P.E.S.,2008-09-01,2022-04-22,665475984, evaluador:Sí, coordinador:No
López Córdoba Marta,75128842D,Geografía e Historia P.E.S.,2020-09-01,2022-04-22,615348684, evaluador:Sí, coordinador:Sí
Macías Laynez Magdalena,25583669X,Matemáticas P.E.S.,2010-09-01,2022-04-22,951965362, evaluador:Sí, coordinador:Sí
Malmesat Rodríguez Mercedes,25713795W,Informática P.E.S.,2020-09-01,2021-06-30,619160218, evaluador:Sí, coordinador:No
Manuel Coronado David,80133984Y,Física y Química P.E.S.,2004-09-01,2022-04-22,952805430, evaluador:Sí, coordinador:Sí
Márquez Pineda Jacqueline Cristina,74867075M,Orientación Educativa P.E.S.,2008-09-01,2022-04-22,952340738, evaluador:Sí, coordinador:No
Martín Fernández Inmaculada Concepción,70909878G,Filosofía P.E.S.,2020-09-01,2021-06-30,658036793, evaluador:Sí, coordinador:No
Martínez Arriaza Humberto,80125358M,Proc. Gestión Administrativa P.T.F.P.,1987-10-01,2021-04-05,952800450, evaluador:Sí, coordinador:No
Martínez Fernández Inés,75729511X,Proc. Gestión Administrativa P.T.F.P.,2020-09-01,2021-06-30,667069980, evaluador:Sí, coordinador:No
Martínez Fernández Inés,53682231R,Inglés P.E.S.,2009-09-01,2022-04-22,952805153, evaluador:Sí, coordinador:No
Maza Jurado Elisa María,77330277E,Economía P.E.S.,2020-09-01,2021-06-30,639839086, evaluador:Sí, coordinador:No
Mesa Rivera Inmaculada del Mar,23275278Z,Geografía e Historia P.E.S.,2020-09-01,2021-06-30,660843827, evaluador:Sí, coordinador:No
Mesa Rivera Inmaculada del Mar,74885311W,Inglés P.E.S.,2020-09-01,2021-06-30,662102628, evaluador:Sí, coordinador:No
Mesa Rivera Inmaculada del Mar,27344407Y,Cultura Clásica P.E.S.,2020-09-01,2021-06-30,952923096, evaluador:Sí, coordinador:No
Mesa Rivera Inmaculada del Mar,26458859G,Francés P.E.S.,1998-09-15,2022-04-22,952805430, evaluador:Sí, coordinador:Sí
Mora Luciani Estefanía,77181164H,Inglés P.E.S.,2020-09-01,2021-06-30,696203922, evaluador:Sí, coordinador:No
Moral Yesa Sandra,53694108X,Informática P.E.S.,2021-01-25,2021-06-30,627856970, evaluador:Sí, coordinador:No
Moreno Fernández Eligia Rocío,53593134Y,Lengua Castellana y Literatura P.E.S.,2020-09-01,2021-06-30,687187374, evaluador:Sí, coordinador:No
Mula GarcÃ­a Andrés,44590674E,Lengua Castellana y Literatura P.E.S.,2017-09-01,2022-04-22,675348998, evaluador:Sí, coordinador:No
Muñoz Gómez Triana,74657046N,Filosofía P.E.S.,2019-09-01,2022-04-22,665883259, evaluador:Sí, coordinador:No
Murillo García María Jesús,75743031Y,Pedagogía Terapeutica Eso,2005-09-01,2022-04-22,952802285, evaluador:Sí, coordinador:No
Navarrete Fernández Luis Ramón,52294297W,Lengua Castellana y Literatura P.E.S.,2006-09-01,2022-04-22,955830943, evaluador:Sí, coordinador:Sí
Navarrete Fernández Luis Ramón,78968283Z,Lengua Castellana y Literatura P.E.S.,2020-09-28,2021-06-30,671262118, evaluador:Sí, coordinador:No
Navarro Martínez Ana,78969645L,Filosofía P.E.S.,2020-09-01,2021-06-30,685522638, evaluador:Sí, coordinador:No
Núñez Murillo Margarita,75111043N,Sistemas y Aplic. Informáticos P.T.F.P.,2012-09-01,2022-04-22,699987772, evaluador:Sí, coordinador:Sí
Ortiz Álvarez Raquel,27337182A,Informática P.E.S.,2013-09-01,2022-04-22,951892984, evaluador:Sí, coordinador:Sí
Pabón Alcaide José Antonio,31730572W,Dibujo P.E.S.,2020-09-01,2021-06-30,626895904, evaluador:Sí, coordinador:No
Pacheco Rodríguez Isabel María,24882305P,Orientación Educativa P.E.S.,2012-09-01,2020-09-04,952796064, evaluador:Sí, coordinador:No
Palma Ruiz Dámaris,75136159N,Proc. Gestión Administrativa P.T.F.P.,2020-09-01,2021-06-30,646011409, evaluador:Sí, coordinador:No
Pariente Núñez Rafael,76637554J,Inglés P.E.S.,2020-09-01,2021-06-30,610917127, evaluador:Sí, coordinador:No
Pastor Martínez Pedro,25075656K,Tecnología P.E.S.,2020-09-21,2021-06-30,625850519, evaluador:Sí, coordinador:No
Peña Guzmán Carlos,53656255S,Inglés P.E.S.,2020-09-01,2021-06-30,692231083, evaluador:Sí, coordinador:No
Pérez Alfaro Emilia,08921790K,Area de Lengua y CC. Soc. (Apoyo Covid),2020-09-16,2021-06-30,687759273, evaluador:Sí, coordinador:No
Pérez Ruiz Carlos,42848833V,Equipos Electrónicos P.T.F.P.,2020-09-01,2021-08-31,952791844, evaluador:Sí, coordinador:No
Picón Sanz José Manuel,26211671C,Formación y Orientación Laboral P.E.S.,2020-11-09,2021-03-31,690939446, evaluador:Sí, coordinador:No
Portillo Callejón Noemí,30236694C,Lengua Castellana y Literatura P.E.S.,2020-09-01,2021-06-30,663697861, evaluador:Sí, coordinador:No
Prat Quiles Francisco,30974640B,Dibujo P.E.S.,2020-09-01,2021-06-30,622191146, evaluador:Sí, coordinador:No
Quesada Martín Teresa,53771268M,Lengua Castellana y Literatura P.E.S.,2020-09-01,2022-04-22,699717280, evaluador:Sí, coordinador:No
Rabinovich Camacho Carlos,08906635T,Administración de Empresas P.E.S.,1991-10-01,2022-04-22,696418007, evaluador:Sí, coordinador:No
Rabinovich Camacho Carlos,24279666S,Area Científico-Tecnolog. (Apoyo Covid),2020-09-16,2021-06-30,, evaluador:Sí, coordinador:No
Rabinovich Camacho Carlos,26466515R,Sistemas y Aplic. Informáticos P.T.F.P.,2003-09-01,2022-04-22,952800387, evaluador:Sí, coordinador:No
Rabinovich Camacho Carlos,08922687K,Música P.E.S.,2004-09-01,2022-04-22,952791390, evaluador:Sí, coordinador:No
Revelles Rubio Soraya,76997333A,Educación Física P.E.S.,2019-09-01,2022-04-22,606111414, evaluador:Sí, coordinador:No
Rivas Rivas José Manuel,30458572V,Proc. Gestión Administrativa P.T.F.P.,1990-10-01,2022-04-22,690006715, evaluador:Sí, coordinador:No
Rodilphe Núñez Sheila,25715185N,Matemáticas P.E.S.,2020-09-01,2021-06-30,656905836, evaluador:Sí, coordinador:No
Rodríguez Montero Rocío,74816539T,Lengua Castellana y Literatura P.E.S.,2010-09-01,2022-04-22,952890188, evaluador:Sí, coordinador:No
Rodríguez Pérez Nazareth,75251666J,Matemáticas P.E.S.,2020-09-01,2021-06-30,950254657, evaluador:Sí, coordinador:No
Romero Reyes Marina Concepción,74837904K,Administración de Empresas P.E.S.,2020-09-01,2021-06-30,660326238, evaluador:Sí, coordinador:No
Ruiz Bajo Rosa María,31841670X,Matemáticas P.E.S.,1992-10-01,2022-04-22,952796088, evaluador:Sí, coordinador:Sí
Saborido Pozo Carmona,14635310L,Geografía e Historia P.E.S.,2020-09-01,2021-06-30,663208603, evaluador:Sí, coordinador:No
Salcedo Aragón María del Carmen,71891915X,Lengua Castellana y Literatura P.E.S.,2020-09-01,2021-08-31,687257704, evaluador:Sí, coordinador:No
Salguero Fernández Guadalupe,15472958F,Formación y Orientación Laboral P.E.S.,2020-09-01,2021-06-30,662598530, evaluador:Sí, coordinador:No
Sánchez González Maud Brigitte Marie,75721574P,Geografía e Historia P.E.S.,2020-09-16,2021-06-30,656311792, evaluador:Sí, coordinador:No
Sánchez Pérez Manuel,74901717D,Matemáticas P.E.S.,2001-09-01,2022-04-22,952796927, evaluador:Sí, coordinador:No
Sánchez Pérez Manuel,52296143P,Francés P.E.S.,2019-09-01,2022-04-22,951715669, evaluador:Sí, coordinador:No
Sánchez Romero Marta,77452049D,Geografía e Historia P.E.S.,2018-09-01,2022-04-22,952796197, evaluador:Sí, coordinador:No
Santana Ortega Ángela,25975666H,Economía P.E.S.,1997-09-15,2022-04-22,952791737, evaluador:Sí, coordinador:No
Sastre GarcÃ­a David,77348976E,Geografía e Historia P.E.S.,2019-09-01,2022-04-22,680671354, evaluador:Sí, coordinador:No
Sastre GarcÃ­a David,25333003K,Tecnología P.E.S.,2020-09-01,2021-06-30,649681212, evaluador:Sí, coordinador:No
Serena León Ana María,26012958G,Educación Física P.E.S.,2010-09-01,2022-04-22,639675154, evaluador:Sí, coordinador:No
Serrano Maján Isabel,45070008J,Música P.E.S.,2001-09-01,2022-04-22,, evaluador:Sí, coordinador:No
Silva Macías Fernando,74853120B,Audición y Lenguaje Eso. (Signos),2020-09-01,2021-06-30,952438739, evaluador:Sí, coordinador:No
Soria De Vila Antonio Jesús,44575768C,Matemáticas P.E.S.,2020-09-01,2022-04-22,666533066, evaluador:Sí, coordinador:Sí
Tirado Pérez María Inmaculada,44580305A,Proc. Gestión Administrativa P.T.F.P.,2020-09-01,2021-06-30,655378521, evaluador:Sí, coordinador:No
Torres Silva Antonia,08929037T,Sistemas y Aplic. Informáticos P.T.F.P.,2008-09-01,2022-04-22,654167765, evaluador:Sí, coordinador:Sí
Ucha Montes María Isabel,34029354A,Física y Química P.E.S.,2020-10-07,2021-06-30,679155637, evaluador:Sí, coordinador:No
Valero Gamarra María Herminia,48956848Z,Inglés P.E.S.,2016-09-01,2022-04-22,656953206, evaluador:Sí, coordinador:No
Vallés Martos Natalia,74882954Z,Lengua Castellana y Literatura P.E.S.,2020-09-01,2021-06-30,635257811, evaluador:Sí, coordinador:No
Vallés Martos Natalia,09057185S,Economía P.E.S.,2020-09-01,2021-08-31,618072577, evaluador:Sí, coordinador:No
Vargas-Machuca Rincón Eduardo Jesús,26206754W,Equipos Electrónicos P.T.F.P.,1989-10-01,2022-04-22,952807681, evaluador:Sí, coordinador:No
Vega Mancera Silvia,76368363Z,Filosofía P.E.S.,2014-09-01,2022-04-22,981231728, evaluador:Sí, coordinador:No
Vidal Morillas María Nieves,32028489T,Administración de Empresas P.E.S.,1992-10-01,2022-04-22,, evaluador:Sí, coordinador:No
Vidal Morillas María Nieves,27347116R,Física y Química P.E.S.,2012-09-01,2022-04-22,605837861, evaluador:Sí, coordinador:No
Viedma Canca Pablo Manuel,31831916P,Física y Química P.E.S.,1989-10-01,2020-10-05,, evaluador:Sí, coordinador:Sí
Young García María Lucía,24259915K,Informática P.E.S.,2020-09-01,2021-06-30,667912025, evaluador:Sí, coordinador:No
Zapata Moreno Nerea del Rocío,08915544P,Laboral Religión (Sec-Ere) Jor.Completa,2019-09-01,2021-08-30,675171749, evaluador:Sí, coordinador:No
